Distance_(mm),Gray_Value
0.00000,-93.250
0.62500,-248.000
1.25000,-292.550
1.87500,18.050
2.50000,1056.333
3.12500,3268.500
3.75000,4883.200
4.37500,5241.867
5.00000,4891.483
5.62500,3511.700
6.25000,1386.083
6.87500,114.733
7.50000,-353.500
8.12500,-624.700
8.75000,-580.008
9.37500,-542.750
